source_path	current_path	status	source_sha256	current_sha256
.gitignore	.gitignore	relocated/updated	3d21b3edb54ee21d1446ddfd8753fa56d1ebe731676be393348e3f33e4545c06	1b7604818374ee22326e29045ac44d86c353eeccefbe56b63726d3588a4b3d11
CITATION.cff	CITATION.cff	relocated/updated	548b20170a6f137626d872beef07ff1f4445fc6ae5f4358b7936e2655af84eae	58abe298936cb0b236b73c82a631580d9f7164a57e68d1a5dd899bc83795373e
Module_A_Characterization/A1_umap_and_composition.R	scripts/A/A1_umap_and_composition.R	relocated/updated	6410d03deb9db2d74410564058b1dd3f043a455b0a370e74c8e82f1349742ed0	63adede4fb0930e7c8c9dd4df3f9d439950c5bc8354464263a1d8f46d6151a02
Module_A_Characterization/A2_cell_cell_communication.R	scripts/A/A2_cell_cell_communication.R	relocated/updated	47116b3f411d3d142034fae6239b47c72dc86b7f7a998073ec3293037e10d9be	8b3f608c8d6e74aedfbada23cfb62c7f019f60edfc281767f6b1c6db8997a5af
Module_A_Characterization/A3_spatial_distribution.R	scripts/A/A3_spatial_distribution.R	relocated/updated	84c67b7d3e4051faaf6a4e2794354f4931c0416efb734c0d97985be443aecf17	5932519f9009c2f40a6f8e5e8593cbe039c43426612cc6947fd9b39e8c585a5a
Module_A_Characterization/README.md	docs/module-a.md	relocated/updated	759dfe56412ad176d35d03880d9eb37b4d79064fc25b72e0efc03e88b70d4937	5f07e924da62bcc6aa28f90f22c0b19b038fcdd4b94ad9fe2f68ead4a79485e0
Module_A_Characterization/lib/netVisual_bubble.R	scripts/lib/netVisual_bubble.R	unchanged	7173bdd87e3a26a2d4de672110d5ff53b7c02a1920b49ce2ad94834c320145c2	7173bdd87e3a26a2d4de672110d5ff53b7c02a1920b49ce2ad94834c320145c2
Module_B_Transcriptional/B1_differential_expression.R	scripts/B/B1_differential_expression.R	relocated/updated	48b2204703e8a77134aedfe0b0058e6454217e03904d89a1d68ac40059c9d3a9	1222adcc04480dd6a190b1898e7d9eacd7c12839a5def1790d3c95446229ca09
Module_B_Transcriptional/B2_pathway_enrichment.R	scripts/B/B2_pathway_enrichment.R	relocated/updated	ead75c28b4bbcb691fceacd3a2a0537b71ac81c1676cd1f31754c513a2bc458f	640e2093f734e431fee96064b580506c384edf09486542ef56700ae691a68d62
Module_B_Transcriptional/B3_pathway_enrichment_barplot.R	scripts/B/B3_pathway_enrichment_barplot.R	relocated/updated	8260c5540e526dec8f7d409ea35e8da6bf2bffb2cfdcad732ef9f59ab9c54359	b30f4c70ae3565d673b3aad7caba870ffebbbeb5345e0c35440aa4527d5c811c
Module_B_Transcriptional/B4_intratumor_heterogeneity.R	scripts/B/B4_intratumor_heterogeneity.R	relocated/updated	844c4343974f319b2092c2a218424c5bf8b2fc0e2945bae52cd7ba9de6cbed73	551cdf46dfba2e045afc7685d4a9bb715a5e879ecf29785762e25205e1e3c84e
Module_B_Transcriptional/B5_emt_score.R	scripts/B/B5_emt_score.R	relocated/updated	675a7fed345f1c26cd4d9e24c508ad4a913ca14e8cf3515e3e194482a920a01e	4365f95515a712b078aebc283d5e2e2adc2ff56b378938af99361e7751f808b3
Module_B_Transcriptional/B6_drug_enrichment.R	scripts/B/B6_drug_enrichment.R	relocated/updated	6dc7f78592e83d4fcc6326057077c3fa85eea894b1c8e638f36ec80ae9590779	f36056e5a7dc03f196d87162243400b37e203a3e847c8d9a76ff7b2bbc73e4d3
Module_B_Transcriptional/B7_drug_enrichment_plot.R	scripts/B/B7_drug_enrichment_plot.R	relocated/updated	e8dca89e945c86f237f24a05bbe20f6b2b782c7b2f6ea3769deb9506c172c296	a95aa8f3e52a420189fda797afff4712af4b6dc85c08b8b597b816ce978eeacd
Module_B_Transcriptional/README.md	docs/module-b.md	relocated/updated	0746aa409708ad99f96cd6c6c703d54963e51f7daa44acca884c7a4d8a73b7f4	0b636035339c539579755b274d4234f2969a1ebb9d52e833817f67b896717b4c
Module_C_Regulatory/README.md	docs/module-c.md	relocated/updated	7e354e10e0812ceec78bfeafe84d469bc37b3f6b4e06b98fac861124f6554a26	a6a2ab981cbee6368ac4c75046525063436762e1a024df420a3a551273c5f09b
Module_C_Regulatory/mirna/C10_mirna_treemap_plot.R	scripts/C/C10_mirna_treemap_plot.R	relocated/updated	5c15fe7463e7abc72c9a9c9359534f9589fe7d65bfac4aedcf0128e44c1b74c8	3124d5d40c7fbeed941a6d83ba4862737dac6e4f65074eb651c3b5f843184f45
Module_C_Regulatory/mirna/C9_mirna_target_enrichment.R	scripts/C/C9_mirna_target_enrichment.R	relocated/updated	fabed87ed04630f09386ccd32da159b38ad88608ac8dbaf15d01cf6265bbc4b3	504c5d9ee1803146758ff5f66a316258b40721ec6ee1fb3d787b4a131e2ace64
Module_C_Regulatory/rbp/C7_rbp_target_enrichment.R	scripts/C/C7_rbp_target_enrichment.R	relocated/updated	7d2397569f6c14d9de8269b3fb488e0ca73ec568b25c173e6fbcfa2aa6984d39	aa9119f43cef9afa12cb85c55f6ed94d985056b50f23e23fb94278db6c761297
Module_C_Regulatory/rbp/C8_rbp_bubble_plot.R	scripts/C/C8_rbp_bubble_plot.R	relocated/updated	46796b2c269d2f9c8e8e79e38887c54312e40bd6b3c99d0a4289ee8c52469729	9d046198a3fda8e94ce75e65362d332258dd07b235366db254fd221e64392427
Module_C_Regulatory/tf_motif/README.md	docs/module-c.md	relocated/updated	4799c81726b42c0e2cb8ef8adae8c24e332e3546d0dcbc9ef723c2a13af764da	a6a2ab981cbee6368ac4c75046525063436762e1a024df420a3a551273c5f09b
Module_C_Regulatory/variants/C1_call_variants_cellsnp.sh	scripts/C/C1_call_variants_cellsnp.sh	unchanged	430b2321a9b71cb00436e3f1aef440fe10caade03c2101a633999d8a1e9feb56	430b2321a9b71cb00436e3f1aef440fe10caade03c2101a633999d8a1e9feb56
Module_C_Regulatory/variants/C3_fisher_enrichment_heatmap.R	scripts/C/C3_fisher_enrichment_heatmap.R	relocated/updated	ed13bb8f83b5c34dcdd2fd047d3ffa47af2139828ab5904aedc40ade4aae4a31	2669a69100458bb7fe36074327c6791d5a20939a76376f595eb16f8b26620e33
Module_C_Regulatory/variants/C4_select_significant_variants.py	scripts/C/C4_select_significant_variants.py	unchanged	5bf9d1eeefadf40bfe550bcd10be008a5099532fe08f775d6ff0cb3cc3f8b0ec	5bf9d1eeefadf40bfe550bcd10be008a5099532fe08f775d6ff0cb3cc3f8b0ec
Module_C_Regulatory/variants/C5_annotate_variants.py	scripts/C/C5_annotate_variants.py	unchanged	d7a9f08c14ece926c4d080aa5fcd8981766f128327a1177a7f39e5d9006f8f16	d7a9f08c14ece926c4d080aa5fcd8981766f128327a1177a7f39e5d9006f8f16
Module_C_Regulatory/variants/C6_batch_annotate.py	scripts/C/C6_batch_annotate.py	unchanged	6405583316b9d62f8aaeebefa5a0e09d9a944dd82716b7de2c9126a751e81fe1	6405583316b9d62f8aaeebefa5a0e09d9a944dd82716b7de2c9126a751e81fe1
Module_D_Immunogenomic/README.md	docs/module-d.md	relocated/updated	d82b9bfd6da9751aa497495fcc428ff148e17f6e9fe41746aa14ec9d24851902	6409805feaae98603a83b84df469f57ba85e30ebf2fe134d3c564246ae93f62a
Module_D_Immunogenomic/apa/D1_detect_kit_version.py	scripts/D/D1_detect_kit_version.py	unchanged	fb45944bd2f65d08d7c64006d59c32319b768c04664a82b378f5b881c18cf6a4	fb45944bd2f65d08d7c64006d59c32319b768c04664a82b378f5b881c18cf6a4
Module_D_Immunogenomic/apa/D2_prepare_cellranger_fastqs.sh	scripts/D/D2_prepare_cellranger_fastqs.sh	unchanged	b343e28fbb426fd51cb082419f4281ec92c5d011ed94ebcc80895138315135e5	b343e28fbb426fd51cb082419f4281ec92c5d011ed94ebcc80895138315135e5
Module_D_Immunogenomic/apa/D3_apa_quantification_and_plots.R	scripts/D/D3_apa_quantification_and_plots.R	relocated/updated	ac4b962d2cfbd068a3c8917a1ff8108cc13a51e97ca2cb1c61782c7e44440738	86eb6a889284db1412ca663933e2d2cea67fa3541520e0b934bcfba58f69f1de
Module_D_Immunogenomic/apa/metadata/kit.csv	data/templates/apa_kit.csv	unchanged	b5644ea2da38ba93f408403c5c25cf1c34829b2c5ff044d77cea14174f14cb81	b5644ea2da38ba93f408403c5c25cf1c34829b2c5ff044d77cea14174f14cb81
Module_D_Immunogenomic/apa/metadata/list.txt	data/templates/apa_list.txt	unchanged	22c6044f579fc642bb1cb766bddcb67f7347c1008dd496315e86eba927d43623	22c6044f579fc642bb1cb766bddcb67f7347c1008dd496315e86eba927d43623
Module_D_Immunogenomic/apa/metadata/raw_data_info.txt	data/templates/apa_raw_data_info.txt	unchanged	bd920a62de618f1b4d90d82b4435cb50ded8aa1f9a42aedba71e36a9d9692c0a	bd920a62de618f1b4d90d82b4435cb50ded8aa1f9a42aedba71e36a9d9692c0a
Module_D_Immunogenomic/apa/scutrquant/config.yaml	data/templates/apa_scutrquant_config.yaml	relocated/updated	3475e2acf60b83db54f99fe36b8732a3a721b6892081fc989de3483c400998ac	b6ed2bee52b83b791b533c3061d33cf1db73e3e0ed3b28204a17c29abd3dab22
Module_D_Immunogenomic/apa/scutrquant/sample_sheet.csv	data/templates/apa_scutrquant_sample_sheet.csv	unchanged	a74098b3c4046ed4af97a282ebe24f193d75138bcbaa652b8c9fc457f1454262	a74098b3c4046ed4af97a282ebe24f193d75138bcbaa652b8c9fc457f1454262
Module_D_Immunogenomic/hla/D4_run_optitype.sh	scripts/D/D4_run_optitype.sh	unchanged	ad3800157744ca717065880d4d679e424c0a0aff7e48aec4e851e25f9f98781c	ad3800157744ca717065880d4d679e424c0a0aff7e48aec4e851e25f9f98781c
Module_D_Immunogenomic/hla/README.md	docs/module-d.md	relocated/updated	1d2dd9b2449a00cc71e44e4604ea4c0aaccb4317e7e2347a86d0d75ae0806683	6409805feaae98603a83b84df469f57ba85e30ebf2fe134d3c564246ae93f62a
Module_D_Immunogenomic/neoantigen/D5_fold_hla_peptide_complex.py	scripts/D/D5_fold_hla_peptide_complex.py	relocated/updated	27b657fdad2ebf4ac23364da3c740a1c8c58972a025379b6dfebbd358a714a82	b9083256f4fc95e428e9b58c34a787fd3cded58e4e2f4ec5b15378259e40e4e5
Module_D_Immunogenomic/neoantigen/D6_visualize_complex.pml	scripts/D/D6_visualize_complex.pml	unchanged	c48ea92522766fcbf7dd62ab861538267f227df2fdc02f719fa494f99f2462ab	777d3d48dfc5c52bbeab5229ce9963bc8b4c7ca2643f8c25150a6b985305ad2c
Module_D_Immunogenomic/neoantigen/README.md	docs/module-d.md	relocated/updated	520dac7a649baa373184cd0063a5e3fcc68fc2f49ff8a9935418e42b0b09d4a8	6409805feaae98603a83b84df469f57ba85e30ebf2fe134d3c564246ae93f62a
Module_D_Immunogenomic/neoantigen/example/colabfold_query.txt	data/templates/neoantigen_colabfold_query.txt	unchanged	75c7bb69a69f482196f4bb24de881dc5b312f48f70695619e11637d56593731a	75c7bb69a69f482196f4bb24de881dc5b312f48f70695619e11637d56593731a
Module_D_Immunogenomic/neoantigen/example/hla_peptide_complex.fasta	data/templates/neoantigen_hla_peptide_complex.fasta	unchanged	a7e6e4319632e55f2c9d09bd20eddaa60ce52b5b854f401f226e311907236819	a7e6e4319632e55f2c9d09bd20eddaa60ce52b5b854f401f226e311907236819
README.md	README.md	relocated/updated	d244e1822147c8e8d410893bd3125112c4871095deb22a9fc19c14b92d41bf16	33fbfb9a19a22c20996cfe5b8a30930f911d1bddf4668c0f2aab064f6540f4d2
common/R/config.R	scripts/lib/config.R	relocated/updated	eb62f962fc48b0f1288bb5e2a6b0f2f98314e330a769bfee5772cbbc86aa3d87	c8f9e36e19eed08c3f2786d39e482b49c14b49bd56c1f7b045486791ce278748
common/R/init.R	scripts/lib/init.R	relocated/updated	9d64efe94c80c384d4ef35ee0f9baa99ede1ac45894150b6c9cddd6f75bbae1b	61227626bcf05abf82d617dd770a63757073a3c3c4a52f992e7bab96151bf898
common/R/io.R	scripts/lib/io.R	relocated/updated	1ed385ed8a26b13b783994877dc80d6696a0b561c5dd4e0d7ff3d9510a2b9458	0d7203b4a6f230cafecba062408d2e4eb5e6ff1f82805512f57b483cfd53b512
common/R/packages.R	scripts/lib/packages.R	relocated/updated	35942880e145da805655692cd729d6f7f99291a9e1b6fba071633585629d2291	a9678f64f9b95cedb81121044a38b0fc24c3f50a6702a1e28b4a649f8275dcd1
common/R/palette.R	scripts/lib/palette.R	relocated/updated	865609dbbe98d7fb65a7e2919707b7bae6f9e16f985350e15c18d99d00480fb8	5db58623d899834d489c97c57709bd3449907924a932ace7c17f979074fd5743
config/apa_config.yaml	config/apa_config.yaml	relocated/updated	8b1ed5185e7efde23e35649a7682004a4b04ae8a7f82af8922a8db775c172b96	ab1747b235bee576f9b42a48366a2f8076a259d80522c900a2e714d7eef4b0f1
config/apa_samples.csv	config/apa_samples.csv	unchanged	f61b737c74ea654258630e5820a01e2558f08ec17564cea43a90ca3c87691fd8	f61b737c74ea654258630e5820a01e2558f08ec17564cea43a90ca3c87691fd8
config/config.yaml	config/config.yaml	relocated/updated	9ae3901a8d8ce5d6ecab1eb6ce78f43d8f75fe16aba897adf5de8f7ede71c630	22a6cb32519ae17bbc747a910e7cc3e0ff10230c4fced2816c87eb2960ef4bc9
data/README.md	data/README.md	relocated/updated	93229dbc2f83468eb01e80605cec963a640bb2d1ca40466112b32adf0933c1d9	251cbc822272afcf30ba7b6cc56a6d401856a1968d3e023975894ddf77e08c3c
docs/figures/resist_overview.png	docs/figures/resist_overview.png	unchanged	0d2284b8f21dbff4271b3ea3ba528f5e541a2c213f66187d4658e333c278888b	0d2284b8f21dbff4271b3ea3ba528f5e541a2c213f66187d4658e333c278888b
docs/migration-map.md	docs/source-history.tar.gz::original-layout.md	archived historical documentation	e7ad5ee5fa0269d1af33ed4ff9a9776de1376d94a00f23084796a05111512bcb	26a9249c6189d97b57ea46387d6fde3ffc93393a914ac45416d42a18dd17cdaa
docs/repository-guide.md	docs/repository-guide.md	relocated/updated	9697540b223f081378ba4ed5b3566d84b18bbcae302d44341ff746456bfd0b48	174e5726fd549c28e49b9758b48a6657c58448bcdc4960cf47458ffa315766ab
install/environment.yml	config/setup/environment.yml	relocated/updated	58a5516be1dd95ea4563c35662fa5bfd658541454c29df5ba4a101a24d3f0bdf	3aee8f6ee22736f9803366fa3ffa08a25b82b2399ed64a75c9c56730a382ce2d
install/install_r_packages.R	config/setup/install_r_packages.R	relocated/updated	38f35cb41a8bc326bfd158ab7df65273fdc26c7226335b0685a22403acc98b89	6db043584df2870b36cbbe9a2fe3eff52aafd28d1bcda84e9352197a3b12fade
install/requirements.txt	config/setup/requirements.txt	relocated/updated	64bcc095ee67c05ec292fb14f59d3040dd7a30dc45014eff65f174826891a30f	37c1b1c8db292975a4147857f04c1ba23446d9e86ab37a4658230a441342b374
ref_data/All_RBP_TargetGene/ACIN1.txt	data/reference_bundle.tar.gz::reference/All_RBP_TargetGene/ACIN1.txt	archived unchanged	89509d24752a46da4b90e5b290811af7045b10917c188fca3aae60336c9c016e	89509d24752a46da4b90e5b290811af7045b10917c188fca3aae60336c9c016e
ref_data/All_RBP_TargetGene/ADAR.txt	data/reference_bundle.tar.gz::reference/All_RBP_TargetGene/ADAR.txt	archived unchanged	54bd60a52c66cc0cb896c340c746a46e2c6d30320c3ba6207f0492c6aa219eca	54bd60a52c66cc0cb896c340c746a46e2c6d30320c3ba6207f0492c6aa219eca
ref_data/All_RBP_TargetGene/AIFM1.txt	data/reference_bundle.tar.gz::reference/All_RBP_TargetGene/AIFM1.txt	archived unchanged	4a815e3e747d37357db813216e44618cf1e801b9438a7195166b070a337d8394	4a815e3e747d37357db813216e44618cf1e801b9438a7195166b070a337d8394
ref_data/All_RBP_TargetGene/ALYREF.txt	data/reference_bundle.tar.gz::reference/All_RBP_TargetGene/ALYREF.txt	archived unchanged	304ece85e59e242f7f13b903bfaadda3ad2aa198b1821b68982a6451729681de	304ece85e59e242f7f13b903bfaadda3ad2aa198b1821b68982a6451729681de
ref_data/All_RBP_TargetGene/AUH.txt	data/reference_bundle.tar.gz::reference/All_RBP_TargetGene/AUH.txt	archived unchanged	3f3be59f1381c1a0ed5abdd969721c065ab2d3952fb603a5897e7542241a21eb	3f3be59f1381c1a0ed5abdd969721c065ab2d3952fb603a5897e7542241a21eb
ref_data/All_RBP_TargetGene/BCCIP.txt	data/reference_bundle.tar.gz::reference/All_RBP_TargetGene/BCCIP.txt	archived unchanged	e0e4a67c2c0d3b94362b13f460791ea3a5f333586b8fe8f78050557d9589a04d	e0e4a67c2c0d3b94362b13f460791ea3a5f333586b8fe8f78050557d9589a04d
ref_data/All_RBP_TargetGene/BUD13.txt	data/reference_bundle.tar.gz::reference/All_RBP_TargetGene/BUD13.txt	archived unchanged	8f2b50b3217f054127ae20139064197c87a791c2d9ea8fd1827902d1d80607b5	8f2b50b3217f054127ae20139064197c87a791c2d9ea8fd1827902d1d80607b5
ref_data/All_RBP_TargetGene/CELF2.txt	data/reference_bundle.tar.gz::reference/All_RBP_TargetGene/CELF2.txt	archived unchanged	afc567b9e80d93ac0cfa0bc7d581586e990359f3bea9394608e2f5484fa37005	afc567b9e80d93ac0cfa0bc7d581586e990359f3bea9394608e2f5484fa37005
ref_data/All_RBP_TargetGene/CNBP.txt	data/reference_bundle.tar.gz::reference/All_RBP_TargetGene/CNBP.txt	archived unchanged	4d830352a22a61a3d4a7ae30712df34d7323dbbf2eb8ceda92e9f3640ab077ed	4d830352a22a61a3d4a7ae30712df34d7323dbbf2eb8ceda92e9f3640ab077ed
ref_data/All_RBP_TargetGene/CPSF6.txt	data/reference_bundle.tar.gz::reference/All_RBP_TargetGene/CPSF6.txt	archived unchanged	19a3c82429aab911e064e5b922f4b869698401b81f361eca311b27c2e358c90a	19a3c82429aab911e064e5b922f4b869698401b81f361eca311b27c2e358c90a
ref_data/All_RBP_TargetGene/CSTF2T.txt	data/reference_bundle.tar.gz::reference/All_RBP_TargetGene/CSTF2T.txt	archived unchanged	9dc4332e35f37db3d609644b70a6381d572d08db58950493ae5d0adb8d5ca40c	9dc4332e35f37db3d609644b70a6381d572d08db58950493ae5d0adb8d5ca40c
ref_data/All_RBP_TargetGene/DDX3X.txt	data/reference_bundle.tar.gz::reference/All_RBP_TargetGene/DDX3X.txt	archived unchanged	12d055ee832038e49a43d8b0742a6afa4178ced12dec7c1eaf8135d623312f65	12d055ee832038e49a43d8b0742a6afa4178ced12dec7c1eaf8135d623312f65
ref_data/All_RBP_TargetGene/DDX42.txt	data/reference_bundle.tar.gz::reference/All_RBP_TargetGene/DDX42.txt	archived unchanged	9b5084c93ac0d786c6f4ec31197d974f287bb69c24dc46e0654d2955fbb88331	9b5084c93ac0d786c6f4ec31197d974f287bb69c24dc46e0654d2955fbb88331
ref_data/All_RBP_TargetGene/DDX54.txt	data/reference_bundle.tar.gz::reference/All_RBP_TargetGene/DDX54.txt	archived unchanged	6e5442a4770bec2bfe57647f29a4f3dc1b518f8d979945f4def7879dabaf7d18	6e5442a4770bec2bfe57647f29a4f3dc1b518f8d979945f4def7879dabaf7d18
ref_data/All_RBP_TargetGene/DGCR8.txt	data/reference_bundle.tar.gz::reference/All_RBP_TargetGene/DGCR8.txt	archived unchanged	bd041b2f04ca53830842862463f2a13f6ad603dd08601e94635fc9c1432a83bd	bd041b2f04ca53830842862463f2a13f6ad603dd08601e94635fc9c1432a83bd
ref_data/All_RBP_TargetGene/DHX9.txt	data/reference_bundle.tar.gz::reference/All_RBP_TargetGene/DHX9.txt	archived unchanged	8f84b1f9376577a6b0e306e2ce782111d370abbd5bd03a2db139f28a2508e3ba	8f84b1f9376577a6b0e306e2ce782111d370abbd5bd03a2db139f28a2508e3ba
ref_data/All_RBP_TargetGene/DICER1.txt	data/reference_bundle.tar.gz::reference/All_RBP_TargetGene/DICER1.txt	archived unchanged	29fafdd6eaec896845bdf32d913f9c4a2402ca48d4d35aa59c2c7682421650c6	29fafdd6eaec896845bdf32d913f9c4a2402ca48d4d35aa59c2c7682421650c6
ref_data/All_RBP_TargetGene/DKC1.txt	data/reference_bundle.tar.gz::reference/All_RBP_TargetGene/DKC1.txt	archived unchanged	6ccf2c6949028ff7f9f044659e719103f1541e8012a0d5d179490c76c0503bc3	6ccf2c6949028ff7f9f044659e719103f1541e8012a0d5d179490c76c0503bc3
ref_data/All_RBP_TargetGene/EIF4A3.txt	data/reference_bundle.tar.gz::reference/All_RBP_TargetGene/EIF4A3.txt	archived unchanged	91478356f1e4aa298876e820fa49a6d08eef7d370c7eac6709aecbb3b114e9ac	91478356f1e4aa298876e820fa49a6d08eef7d370c7eac6709aecbb3b114e9ac
ref_data/All_RBP_TargetGene/EIF4G1.txt	data/reference_bundle.tar.gz::reference/All_RBP_TargetGene/EIF4G1.txt	archived unchanged	77d06581966c9108f5960eec27ca951dc2a6a6614b0e651281251770efa6628a	77d06581966c9108f5960eec27ca951dc2a6a6614b0e651281251770efa6628a
ref_data/All_RBP_TargetGene/EIF4G2.txt	data/reference_bundle.tar.gz::reference/All_RBP_TargetGene/EIF4G2.txt	archived unchanged	60a08f00ea2991c58f81238341faeff8414fc7358e9c882cd9377fd25ebf4ad7	60a08f00ea2991c58f81238341faeff8414fc7358e9c882cd9377fd25ebf4ad7
ref_data/All_RBP_TargetGene/ELAVL1.txt	data/reference_bundle.tar.gz::reference/All_RBP_TargetGene/ELAVL1.txt	archived unchanged	04261cad2289e2b014aea8f90a73a4a0bc240d5226ac4488e23e79d5dadaa51b	04261cad2289e2b014aea8f90a73a4a0bc240d5226ac4488e23e79d5dadaa51b
ref_data/All_RBP_TargetGene/ELAVL3.txt	data/reference_bundle.tar.gz::reference/All_RBP_TargetGene/ELAVL3.txt	archived unchanged	2bc7ecfd0dcec98b9a97b066a42b961eebb2c9a5d083b06a4a3842ca97a9fa13	2bc7ecfd0dcec98b9a97b066a42b961eebb2c9a5d083b06a4a3842ca97a9fa13
ref_data/All_RBP_TargetGene/EWSR1.txt	data/reference_bundle.tar.gz::reference/All_RBP_TargetGene/EWSR1.txt	archived unchanged	0ad0b0efb9cb99787b6c6fe32553da0fafe9d17f315eb547c65e09903c21c2f5	0ad0b0efb9cb99787b6c6fe32553da0fafe9d17f315eb547c65e09903c21c2f5
ref_data/All_RBP_TargetGene/FAM120A.txt	data/reference_bundle.tar.gz::reference/All_RBP_TargetGene/FAM120A.txt	archived unchanged	19ce6785494fee9d0738b9e88d1df7c30bc7bd06cc86cb0189f21de5828eca9a	19ce6785494fee9d0738b9e88d1df7c30bc7bd06cc86cb0189f21de5828eca9a
ref_data/All_RBP_TargetGene/FBL.txt	data/reference_bundle.tar.gz::reference/All_RBP_TargetGene/FBL.txt	archived unchanged	238e94b83325bb8e67dea4dc26abbc62f43b2f3d1640ced1c799a5e7d2af48c9	238e94b83325bb8e67dea4dc26abbc62f43b2f3d1640ced1c799a5e7d2af48c9
ref_data/All_RBP_TargetGene/FKBP4.txt	data/reference_bundle.tar.gz::reference/All_RBP_TargetGene/FKBP4.txt	archived unchanged	ecf7e66634a23b1a74907071caeb4e9d7bc3289cc9657a925014bbd9a43f07a6	ecf7e66634a23b1a74907071caeb4e9d7bc3289cc9657a925014bbd9a43f07a6
ref_data/All_RBP_TargetGene/FMR1.txt	data/reference_bundle.tar.gz::reference/All_RBP_TargetGene/FMR1.txt	archived unchanged	85ebff12615e6b932e5cdb3f6709227d54950763c41580d52a1fcc02952c6e28	85ebff12615e6b932e5cdb3f6709227d54950763c41580d52a1fcc02952c6e28
ref_data/All_RBP_TargetGene/FTO.txt	data/reference_bundle.tar.gz::reference/All_RBP_TargetGene/FTO.txt	archived unchanged	ed20d4e24f7cb3a7037f3c4d7a5d9348ae22ef8533823446b553d569ed001a0f	ed20d4e24f7cb3a7037f3c4d7a5d9348ae22ef8533823446b553d569ed001a0f
ref_data/All_RBP_TargetGene/FUS.txt	data/reference_bundle.tar.gz::reference/All_RBP_TargetGene/FUS.txt	archived unchanged	9ab746321fa1f585257e3b98e4e008ddc6056bf5d4b5da196ba0f7acdb3e2406	9ab746321fa1f585257e3b98e4e008ddc6056bf5d4b5da196ba0f7acdb3e2406
ref_data/All_RBP_TargetGene/FXR1.txt	data/reference_bundle.tar.gz::reference/All_RBP_TargetGene/FXR1.txt	archived unchanged	70ab4f5f38727f14c5051402ff4907600b49c5f7ffd06b114e21314430ac627d	70ab4f5f38727f14c5051402ff4907600b49c5f7ffd06b114e21314430ac627d
ref_data/All_RBP_TargetGene/FXR2.txt	data/reference_bundle.tar.gz::reference/All_RBP_TargetGene/FXR2.txt	archived unchanged	b2a4a50a7214fd03a411aa9209ef29be9d2200411372abf42d1316cd60b12d23	b2a4a50a7214fd03a411aa9209ef29be9d2200411372abf42d1316cd60b12d23
ref_data/All_RBP_TargetGene/GNL3.txt	data/reference_bundle.tar.gz::reference/All_RBP_TargetGene/GNL3.txt	archived unchanged	fe05fbbb64ad1660cfc043a6be5d5c9201d25d0d8175ec759db0a9fa4af3bd45	fe05fbbb64ad1660cfc043a6be5d5c9201d25d0d8175ec759db0a9fa4af3bd45
ref_data/All_RBP_TargetGene/GTF2F1.txt	data/reference_bundle.tar.gz::reference/All_RBP_TargetGene/GTF2F1.txt	archived unchanged	27a69f8dfc1532bfab43ddc05eaa8e69cc64c53c92d7031e09c9577f0a8ae5ff	27a69f8dfc1532bfab43ddc05eaa8e69cc64c53c92d7031e09c9577f0a8ae5ff
ref_data/All_RBP_TargetGene/HNRNPA1.txt	data/reference_bundle.tar.gz::reference/All_RBP_TargetGene/HNRNPA1.txt	archived unchanged	421aad88dba1e24455843bf2205b9df8a1af057585691c6e1152126efaf604f6	421aad88dba1e24455843bf2205b9df8a1af057585691c6e1152126efaf604f6
ref_data/All_RBP_TargetGene/HNRNPA2B1.txt	data/reference_bundle.tar.gz::reference/All_RBP_TargetGene/HNRNPA2B1.txt	archived unchanged	2fa32d60188b73e3d572d5a15fed41cafb9b91c10f51af0376e82f33f125b1d2	2fa32d60188b73e3d572d5a15fed41cafb9b91c10f51af0376e82f33f125b1d2
ref_data/All_RBP_TargetGene/HNRNPC.txt	data/reference_bundle.tar.gz::reference/All_RBP_TargetGene/HNRNPC.txt	archived unchanged	6c45e2fc22495ec45aa24102a91b2372b069bd092e009de095d967500708cfd8	6c45e2fc22495ec45aa24102a91b2372b069bd092e009de095d967500708cfd8
ref_data/All_RBP_TargetGene/HNRNPD.txt	data/reference_bundle.tar.gz::reference/All_RBP_TargetGene/HNRNPD.txt	archived unchanged	3255c9ac353358d6ed32709c03fb8e769cfa7263ddcfc45a29bc7a8b6f9c3629	3255c9ac353358d6ed32709c03fb8e769cfa7263ddcfc45a29bc7a8b6f9c3629
ref_data/All_RBP_TargetGene/HNRNPK.txt	data/reference_bundle.tar.gz::reference/All_RBP_TargetGene/HNRNPK.txt	archived unchanged	c258be0cb8d8aa9416cb684ec1bc47bbd043a760a5cc230eabab8c9ab07c28b5	c258be0cb8d8aa9416cb684ec1bc47bbd043a760a5cc230eabab8c9ab07c28b5
ref_data/All_RBP_TargetGene/HNRNPL.txt	data/reference_bundle.tar.gz::reference/All_RBP_TargetGene/HNRNPL.txt	archived unchanged	d5209b93be362cc898fd6461e37d781f2a2e2d783a40f538dbc3aa0a3c57b7f8	d5209b93be362cc898fd6461e37d781f2a2e2d783a40f538dbc3aa0a3c57b7f8
ref_data/All_RBP_TargetGene/HNRNPM.txt	data/reference_bundle.tar.gz::reference/All_RBP_TargetGene/HNRNPM.txt	archived unchanged	cb657ba99fa8b62f7543f468ecf9f667040a309a7f2babd66f6a094d54896e38	cb657ba99fa8b62f7543f468ecf9f667040a309a7f2babd66f6a094d54896e38
ref_data/All_RBP_TargetGene/HNRNPU.txt	data/reference_bundle.tar.gz::reference/All_RBP_TargetGene/HNRNPU.txt	archived unchanged	cf77011e1240d3a73358e329a6f0915469e2cb87e0e25dd0dc6db1bf2c3b3efe	cf77011e1240d3a73358e329a6f0915469e2cb87e0e25dd0dc6db1bf2c3b3efe
ref_data/All_RBP_TargetGene/HNRNPUL1.txt	data/reference_bundle.tar.gz::reference/All_RBP_TargetGene/HNRNPUL1.txt	archived unchanged	9385baa8d560d356104e3a0a16aad2cddedd17fccf706201f98da00eefb8b777	9385baa8d560d356104e3a0a16aad2cddedd17fccf706201f98da00eefb8b777
ref_data/All_RBP_TargetGene/IGF2BP1.txt	data/reference_bundle.tar.gz::reference/All_RBP_TargetGene/IGF2BP1.txt	archived unchanged	35d7049d8686f3f2526ed177b49670c7f0de9ef971f49fcafa5dfd3477fac513	35d7049d8686f3f2526ed177b49670c7f0de9ef971f49fcafa5dfd3477fac513
ref_data/All_RBP_TargetGene/IGF2BP2.txt	data/reference_bundle.tar.gz::reference/All_RBP_TargetGene/IGF2BP2.txt	archived unchanged	8d9b16d6389f793f205c3cb7ff089098c790d275c8a93ec2b2c612292627bcc4	8d9b16d6389f793f205c3cb7ff089098c790d275c8a93ec2b2c612292627bcc4
ref_data/All_RBP_TargetGene/IGF2BP3.txt	data/reference_bundle.tar.gz::reference/All_RBP_TargetGene/IGF2BP3.txt	archived unchanged	402aa8e11f8b9e3683802c093eae3ca58abf455ff9dab3b9a580318259301f6f	402aa8e11f8b9e3683802c093eae3ca58abf455ff9dab3b9a580318259301f6f
ref_data/All_RBP_TargetGene/ILF3.txt	data/reference_bundle.tar.gz::reference/All_RBP_TargetGene/ILF3.txt	archived unchanged	869c38eeba6ff31e918fe96d4cf2f7d9f795a7373e64fd553222a876c5dad3f6	869c38eeba6ff31e918fe96d4cf2f7d9f795a7373e64fd553222a876c5dad3f6
ref_data/All_RBP_TargetGene/KHDRBS1.txt	data/reference_bundle.tar.gz::reference/All_RBP_TargetGene/KHDRBS1.txt	archived unchanged	2738584ee3f4ba9217c500a70b1e6c9eb22db12c5c3be87f8b0da6fd58fcbcd1	2738584ee3f4ba9217c500a70b1e6c9eb22db12c5c3be87f8b0da6fd58fcbcd1
ref_data/All_RBP_TargetGene/KHDRBS2.txt	data/reference_bundle.tar.gz::reference/All_RBP_TargetGene/KHDRBS2.txt	archived unchanged	59771f2fdc591131eaa8fa3bbbe51c09c2450505c0ed4812b600a7608d5d6482	59771f2fdc591131eaa8fa3bbbe51c09c2450505c0ed4812b600a7608d5d6482
ref_data/All_RBP_TargetGene/KHSRP.txt	data/reference_bundle.tar.gz::reference/All_RBP_TargetGene/KHSRP.txt	archived unchanged	ee7bd90c52450df6d36f0910e4b45afec5febf52f7c0776070cbe4803ff341e4	ee7bd90c52450df6d36f0910e4b45afec5febf52f7c0776070cbe4803ff341e4
ref_data/All_RBP_TargetGene/LARP7.txt	data/reference_bundle.tar.gz::reference/All_RBP_TargetGene/LARP7.txt	archived unchanged	e0f7ee7dbbcb0e6b5d92666ed8f44ca437b3c1b2efbaac9716a4202c0963b86d	e0f7ee7dbbcb0e6b5d92666ed8f44ca437b3c1b2efbaac9716a4202c0963b86d
ref_data/All_RBP_TargetGene/LIN28.txt	data/reference_bundle.tar.gz::reference/All_RBP_TargetGene/LIN28.txt	archived unchanged	901670b1794d264f56e39fa02165ea4cf49e42243b97a7829dac2fa1d3ce48f9	901670b1794d264f56e39fa02165ea4cf49e42243b97a7829dac2fa1d3ce48f9
ref_data/All_RBP_TargetGene/LIN28A.txt	data/reference_bundle.tar.gz::reference/All_RBP_TargetGene/LIN28A.txt	archived unchanged	eb78e2b782f8cf3ecface1a505ee52ce99d85b21df6355f1dfa155744b86191e	eb78e2b782f8cf3ecface1a505ee52ce99d85b21df6355f1dfa155744b86191e
ref_data/All_RBP_TargetGene/LIN28B.txt	data/reference_bundle.tar.gz::reference/All_RBP_TargetGene/LIN28B.txt	archived unchanged	09cca5c6fe907687bc9c72517f382a112559f76ab4abc25a633c2a2eeb817356	09cca5c6fe907687bc9c72517f382a112559f76ab4abc25a633c2a2eeb817356
ref_data/All_RBP_TargetGene/LSM11.txt	data/reference_bundle.tar.gz::reference/All_RBP_TargetGene/LSM11.txt	archived unchanged	fd87fc94ced2690634065d0a19e4e61ec42152ffd325c00ca4a82052b6b2d0e0	fd87fc94ced2690634065d0a19e4e61ec42152ffd325c00ca4a82052b6b2d0e0
ref_data/All_RBP_TargetGene/MBNL1.txt	data/reference_bundle.tar.gz::reference/All_RBP_TargetGene/MBNL1.txt	archived unchanged	7153888f18626d60c8a094b7b1d9e36d308b38bfd335f64307265ca78612f1a2	7153888f18626d60c8a094b7b1d9e36d308b38bfd335f64307265ca78612f1a2
ref_data/All_RBP_TargetGene/METTL3.txt	data/reference_bundle.tar.gz::reference/All_RBP_TargetGene/METTL3.txt	archived unchanged	b4177f6bd874c7d5898e23ac25620e05ebad82246fbf7c1654bdcc762dfdf8a8	b4177f6bd874c7d5898e23ac25620e05ebad82246fbf7c1654bdcc762dfdf8a8
ref_data/All_RBP_TargetGene/MOV10.txt	data/reference_bundle.tar.gz::reference/All_RBP_TargetGene/MOV10.txt	archived unchanged	3d332b39db26750b4a811855e9f1c28be2193e386508043881eb5ee3d6d2f7d5	3d332b39db26750b4a811855e9f1c28be2193e386508043881eb5ee3d6d2f7d5
ref_data/All_RBP_TargetGene/MSI2.txt	data/reference_bundle.tar.gz::reference/All_RBP_TargetGene/MSI2.txt	archived unchanged	f3c42c20a5754e59b2b8c423835072190bfa75c6101dae767bd348a9d63b3ebf	f3c42c20a5754e59b2b8c423835072190bfa75c6101dae767bd348a9d63b3ebf
ref_data/All_RBP_TargetGene/NCBP3.txt	data/reference_bundle.tar.gz::reference/All_RBP_TargetGene/NCBP3.txt	archived unchanged	1c752d400c4520e99cce61716dcc703218fdc57c6d65e326c460d83adbde78f2	1c752d400c4520e99cce61716dcc703218fdc57c6d65e326c460d83adbde78f2
ref_data/All_RBP_TargetGene/NONO.txt	data/reference_bundle.tar.gz::reference/All_RBP_TargetGene/NONO.txt	archived unchanged	5d7ad07a3f08845ae86709d60d4571fa65ee3024f653e5d0390cb2630c19312e	5d7ad07a3f08845ae86709d60d4571fa65ee3024f653e5d0390cb2630c19312e
ref_data/All_RBP_TargetGene/NOP56.txt	data/reference_bundle.tar.gz::reference/All_RBP_TargetGene/NOP56.txt	archived unchanged	8deaf690ddd4293c2d2cdb95e2e3e75d8da806d3148a2205e35c2339df816127	8deaf690ddd4293c2d2cdb95e2e3e75d8da806d3148a2205e35c2339df816127
ref_data/All_RBP_TargetGene/NOP58.txt	data/reference_bundle.tar.gz::reference/All_RBP_TargetGene/NOP58.txt	archived unchanged	a59a12298b41780e454a08db056d03da846aada7dcdd19d3f1b1df0339c27822	a59a12298b41780e454a08db056d03da846aada7dcdd19d3f1b1df0339c27822
ref_data/All_RBP_TargetGene/NPM1.txt	data/reference_bundle.tar.gz::reference/All_RBP_TargetGene/NPM1.txt	archived unchanged	0e0475fe7e52375c8a70b2901e02d71fed649908225b4223fc452d624d10ef21	0e0475fe7e52375c8a70b2901e02d71fed649908225b4223fc452d624d10ef21
ref_data/All_RBP_TargetGene/NUMA1.txt	data/reference_bundle.tar.gz::reference/All_RBP_TargetGene/NUMA1.txt	archived unchanged	fb9c194c0c32499404e070489046be39e3bc0ef8d098be6af7d12da59136138f	fb9c194c0c32499404e070489046be39e3bc0ef8d098be6af7d12da59136138f
ref_data/All_RBP_TargetGene/PCBP2.txt	data/reference_bundle.tar.gz::reference/All_RBP_TargetGene/PCBP2.txt	archived unchanged	628b28f594655ea12e652e52299b23238cf492c57f1f6cd8cfbafc99fa43e1f3	628b28f594655ea12e652e52299b23238cf492c57f1f6cd8cfbafc99fa43e1f3
ref_data/All_RBP_TargetGene/PRPF8.txt	data/reference_bundle.tar.gz::reference/All_RBP_TargetGene/PRPF8.txt	archived unchanged	faa72dd27c389f594ca701abbc26c64b609addad17bd90f790dd148a6984c2fa	faa72dd27c389f594ca701abbc26c64b609addad17bd90f790dd148a6984c2fa
ref_data/All_RBP_TargetGene/PTBP1.txt	data/reference_bundle.tar.gz::reference/All_RBP_TargetGene/PTBP1.txt	archived unchanged	2cfecb8233b6439c2d84b25ca0741f56b3e296724d77538eac0755d174916ba1	2cfecb8233b6439c2d84b25ca0741f56b3e296724d77538eac0755d174916ba1
ref_data/All_RBP_TargetGene/PUM2.txt	data/reference_bundle.tar.gz::reference/All_RBP_TargetGene/PUM2.txt	archived unchanged	eb8ec918c547492c82623941356154cc4a5ff0f5150420d1216c27b3f065baa5	eb8ec918c547492c82623941356154cc4a5ff0f5150420d1216c27b3f065baa5
ref_data/All_RBP_TargetGene/QKI.txt	data/reference_bundle.tar.gz::reference/All_RBP_TargetGene/QKI.txt	archived unchanged	bc82659a55eb16670c1e249bd7d56f50989ee8eb3c303185212587b169056ee6	bc82659a55eb16670c1e249bd7d56f50989ee8eb3c303185212587b169056ee6
ref_data/All_RBP_TargetGene/RANGAP1.txt	data/reference_bundle.tar.gz::reference/All_RBP_TargetGene/RANGAP1.txt	archived unchanged	2b8d185a2fcaaee96776cd43871123d0ed990a84950959863ba7f2d478400461	2b8d185a2fcaaee96776cd43871123d0ed990a84950959863ba7f2d478400461
ref_data/All_RBP_TargetGene/RBFOX2.txt	data/reference_bundle.tar.gz::reference/All_RBP_TargetGene/RBFOX2.txt	archived unchanged	d62b52959377c53db5eaaee81f1ce33d3cf4bafcb2179c46226bd6ce16fedcd8	d62b52959377c53db5eaaee81f1ce33d3cf4bafcb2179c46226bd6ce16fedcd8
ref_data/All_RBP_TargetGene/RBM10.txt	data/reference_bundle.tar.gz::reference/All_RBP_TargetGene/RBM10.txt	archived unchanged	39d4dc6f99f5e9cfed4c429569808d91ddb51c8aa95037499bc42d1073f799f0	39d4dc6f99f5e9cfed4c429569808d91ddb51c8aa95037499bc42d1073f799f0
ref_data/All_RBP_TargetGene/RBM22.txt	data/reference_bundle.tar.gz::reference/All_RBP_TargetGene/RBM22.txt	archived unchanged	bcaaa490b82b36b13d4da942ce24d911374a5e47d7dd4628d7569b226d7349e2	bcaaa490b82b36b13d4da942ce24d911374a5e47d7dd4628d7569b226d7349e2
ref_data/All_RBP_TargetGene/RBM27.txt	data/reference_bundle.tar.gz::reference/All_RBP_TargetGene/RBM27.txt	archived unchanged	6c0c60e2e781a5976fc0292e96e736cf3fe414b3450aa47b0e0e58db90f6b1da	6c0c60e2e781a5976fc0292e96e736cf3fe414b3450aa47b0e0e58db90f6b1da
ref_data/All_RBP_TargetGene/RBM5.txt	data/reference_bundle.tar.gz::reference/All_RBP_TargetGene/RBM5.txt	archived unchanged	f80df6d3d5be5868ffd20d7951eab0023f5a79379b91d1e9dfac26a6ac526faf	f80df6d3d5be5868ffd20d7951eab0023f5a79379b91d1e9dfac26a6ac526faf
ref_data/All_RBP_TargetGene/RBM6.txt	data/reference_bundle.tar.gz::reference/All_RBP_TargetGene/RBM6.txt	archived unchanged	a471570ffa4f344b9a36defcbb362c1ca7f722598d0fec85e84a36a9260fb0a6	a471570ffa4f344b9a36defcbb362c1ca7f722598d0fec85e84a36a9260fb0a6
ref_data/All_RBP_TargetGene/RNF219.txt	data/reference_bundle.tar.gz::reference/All_RBP_TargetGene/RNF219.txt	archived unchanged	c158178c1b0fd1b6cc967ee2ff804df57de053004ea3cd202f76275852e7ce0f	c158178c1b0fd1b6cc967ee2ff804df57de053004ea3cd202f76275852e7ce0f
ref_data/All_RBP_TargetGene/SAFB2.txt	data/reference_bundle.tar.gz::reference/All_RBP_TargetGene/SAFB2.txt	archived unchanged	32c16465ac4e20fcd0d349f53216601200b67cc6f93693453e32e52e5b226c66	32c16465ac4e20fcd0d349f53216601200b67cc6f93693453e32e52e5b226c66
ref_data/All_RBP_TargetGene/SF3A3.txt	data/reference_bundle.tar.gz::reference/All_RBP_TargetGene/SF3A3.txt	archived unchanged	7d94bbb8401b715e7de778eb16023797055404bcf281d09c341d73ba66adba0f	7d94bbb8401b715e7de778eb16023797055404bcf281d09c341d73ba66adba0f
ref_data/All_RBP_TargetGene/SF3B4.txt	data/reference_bundle.tar.gz::reference/All_RBP_TargetGene/SF3B4.txt	archived unchanged	97843c7b4cac4517d2a8be26442a749949a0b83ba76571f1d855a8d2ff1cb3bc	97843c7b4cac4517d2a8be26442a749949a0b83ba76571f1d855a8d2ff1cb3bc
ref_data/All_RBP_TargetGene/SLBP.txt	data/reference_bundle.tar.gz::reference/All_RBP_TargetGene/SLBP.txt	archived unchanged	b86150eb84b3090b1a1e0591fd95ddc0684edf55f9b18c41799b8cf4d7adc17b	b86150eb84b3090b1a1e0591fd95ddc0684edf55f9b18c41799b8cf4d7adc17b
ref_data/All_RBP_TargetGene/SLTM.txt	data/reference_bundle.tar.gz::reference/All_RBP_TargetGene/SLTM.txt	archived unchanged	6b3003625342cc541d988fe99c32254bc42b9bb508f899dd70dc5ae7e8aaf31d	6b3003625342cc541d988fe99c32254bc42b9bb508f899dd70dc5ae7e8aaf31d
ref_data/All_RBP_TargetGene/SMNDC1.txt	data/reference_bundle.tar.gz::reference/All_RBP_TargetGene/SMNDC1.txt	archived unchanged	6955516a36b11b70cd329e42d404947a63db0b73b1b12311ce16892cbea6c4b8	6955516a36b11b70cd329e42d404947a63db0b73b1b12311ce16892cbea6c4b8
ref_data/All_RBP_TargetGene/SND1.txt	data/reference_bundle.tar.gz::reference/All_RBP_TargetGene/SND1.txt	archived unchanged	1f068997941721fffec85c4a8c2e939e1b3dccbf9e92e2eb6a5e55d9124cc67c	1f068997941721fffec85c4a8c2e939e1b3dccbf9e92e2eb6a5e55d9124cc67c
ref_data/All_RBP_TargetGene/SRSF1.txt	data/reference_bundle.tar.gz::reference/All_RBP_TargetGene/SRSF1.txt	archived unchanged	ace76eac703e9f298e03a63abd74a8db5c57837e062fe4567d418fbd0e44f3d4	ace76eac703e9f298e03a63abd74a8db5c57837e062fe4567d418fbd0e44f3d4
ref_data/All_RBP_TargetGene/SRSF10.txt	data/reference_bundle.tar.gz::reference/All_RBP_TargetGene/SRSF10.txt	archived unchanged	650d49f2b7eb8f0bccdab13d8bb8e7a10388be9dbddf46e9bb721644ab8f41e2	650d49f2b7eb8f0bccdab13d8bb8e7a10388be9dbddf46e9bb721644ab8f41e2
ref_data/All_RBP_TargetGene/SRSF3.txt	data/reference_bundle.tar.gz::reference/All_RBP_TargetGene/SRSF3.txt	archived unchanged	cf6996204f0b6e72fa14abd1f2c6b1709ed7b6f342903da66e366b90635eca61	cf6996204f0b6e72fa14abd1f2c6b1709ed7b6f342903da66e366b90635eca61
ref_data/All_RBP_TargetGene/SRSF7.txt	data/reference_bundle.tar.gz::reference/All_RBP_TargetGene/SRSF7.txt	archived unchanged	403bbdbe78ec583d6eb6174ab07a8e5a1b07a84fc228be95f7e1a009f9c2ae2f	403bbdbe78ec583d6eb6174ab07a8e5a1b07a84fc228be95f7e1a009f9c2ae2f
ref_data/All_RBP_TargetGene/SRSF9.txt	data/reference_bundle.tar.gz::reference/All_RBP_TargetGene/SRSF9.txt	archived unchanged	b96e20a32f21521b6a738b8bbe44982c258600605e434012e01b7b985035f5b0	b96e20a32f21521b6a738b8bbe44982c258600605e434012e01b7b985035f5b0
ref_data/All_RBP_TargetGene/TAF15.txt	data/reference_bundle.tar.gz::reference/All_RBP_TargetGene/TAF15.txt	archived unchanged	63498e762399c24ca957a09a39962c935156f535705c3bf69ba91bc4909f2ec4	63498e762399c24ca957a09a39962c935156f535705c3bf69ba91bc4909f2ec4
ref_data/All_RBP_TargetGene/TARBP2.txt	data/reference_bundle.tar.gz::reference/All_RBP_TargetGene/TARBP2.txt	archived unchanged	2097c1e2fc68964996f4cce6db2b224e09d59b50050c1ba93f84fdb6b8db6ded	2097c1e2fc68964996f4cce6db2b224e09d59b50050c1ba93f84fdb6b8db6ded
ref_data/All_RBP_TargetGene/TARDBP.txt	data/reference_bundle.tar.gz::reference/All_RBP_TargetGene/TARDBP.txt	archived unchanged	177e16245e62ceb5769d8fad62b7696f86d530b3f62c6744c246e83247831a9b	177e16245e62ceb5769d8fad62b7696f86d530b3f62c6744c246e83247831a9b
ref_data/All_RBP_TargetGene/TIA1.txt	data/reference_bundle.tar.gz::reference/All_RBP_TargetGene/TIA1.txt	archived unchanged	1cf395da73413f427892820f468915f60882b4b7680e0d904855a0f1208b6ff7	1cf395da73413f427892820f468915f60882b4b7680e0d904855a0f1208b6ff7
ref_data/All_RBP_TargetGene/TIAL1.txt	data/reference_bundle.tar.gz::reference/All_RBP_TargetGene/TIAL1.txt	archived unchanged	13e2b0894f202ed606b258377f7a115c999ee81b1d9cec6b96c2edda83e591cb	13e2b0894f202ed606b258377f7a115c999ee81b1d9cec6b96c2edda83e591cb
ref_data/All_RBP_TargetGene/TNRC6A.txt	data/reference_bundle.tar.gz::reference/All_RBP_TargetGene/TNRC6A.txt	archived unchanged	dbe936d47976b999dd1dd4668de07bfb77d770f1856db56c36902765e5444a65	dbe936d47976b999dd1dd4668de07bfb77d770f1856db56c36902765e5444a65
ref_data/All_RBP_TargetGene/TRA2A.txt	data/reference_bundle.tar.gz::reference/All_RBP_TargetGene/TRA2A.txt	archived unchanged	d0f2a903abc2fde7a27a0006ca9f12451ed322ed65cda1f443a04eaa4ef1a537	d0f2a903abc2fde7a27a0006ca9f12451ed322ed65cda1f443a04eaa4ef1a537
ref_data/All_RBP_TargetGene/TROVE2.txt	data/reference_bundle.tar.gz::reference/All_RBP_TargetGene/TROVE2.txt	archived unchanged	b5d0da3f7ac6caa68dcf9d27cc918a16d156abcb0954962cfb90b14a28fb0314	b5d0da3f7ac6caa68dcf9d27cc918a16d156abcb0954962cfb90b14a28fb0314
ref_data/All_RBP_TargetGene/U2AF1.txt	data/reference_bundle.tar.gz::reference/All_RBP_TargetGene/U2AF1.txt	archived unchanged	401f5eee9e008a929527cf770d08f91fcce6c40ac189cf7c07558a88ebce0299	401f5eee9e008a929527cf770d08f91fcce6c40ac189cf7c07558a88ebce0299
ref_data/All_RBP_TargetGene/U2AF2.txt	data/reference_bundle.tar.gz::reference/All_RBP_TargetGene/U2AF2.txt	archived unchanged	5668b66e33f1fb4f277f40f661c244c896b830a2b613bd4c4d68158a838e456e	5668b66e33f1fb4f277f40f661c244c896b830a2b613bd4c4d68158a838e456e
ref_data/All_RBP_TargetGene/UPF1.txt	data/reference_bundle.tar.gz::reference/All_RBP_TargetGene/UPF1.txt	archived unchanged	c4daa43036c95eb83d0339346b49a13ab80f91eaddb6b3184b8874dc2eaca131	c4daa43036c95eb83d0339346b49a13ab80f91eaddb6b3184b8874dc2eaca131
ref_data/All_RBP_TargetGene/VIM.txt	data/reference_bundle.tar.gz::reference/All_RBP_TargetGene/VIM.txt	archived unchanged	35130f01d814f88f59c52c13c680f028008c677496a16d8e7a652f324e1a1d0f	35130f01d814f88f59c52c13c680f028008c677496a16d8e7a652f324e1a1d0f
ref_data/All_RBP_TargetGene/WTAP.txt	data/reference_bundle.tar.gz::reference/All_RBP_TargetGene/WTAP.txt	archived unchanged	3e7d58f33c259fba3044ec84fcce8c45dfcc2ff6fbe9e68652885062da19a745	3e7d58f33c259fba3044ec84fcce8c45dfcc2ff6fbe9e68652885062da19a745
ref_data/All_RBP_TargetGene/XRN2.txt	data/reference_bundle.tar.gz::reference/All_RBP_TargetGene/XRN2.txt	archived unchanged	b80d54cf3c44fefe847171902bcf1e8a92e83895178104c0b8798014309a8246	b80d54cf3c44fefe847171902bcf1e8a92e83895178104c0b8798014309a8246
ref_data/All_RBP_TargetGene/YTHDC1.txt	data/reference_bundle.tar.gz::reference/All_RBP_TargetGene/YTHDC1.txt	archived unchanged	d80212ad5c13441a42d5141a7b245f28d21ff0ce6932e025bf8ddcd2a0b305e4	d80212ad5c13441a42d5141a7b245f28d21ff0ce6932e025bf8ddcd2a0b305e4
ref_data/All_RBP_TargetGene/YTHDF1.txt	data/reference_bundle.tar.gz::reference/All_RBP_TargetGene/YTHDF1.txt	archived unchanged	a54df72d33942ce1101b20a571a47be03469ebbe39169bc2d65a2c809de8420e	a54df72d33942ce1101b20a571a47be03469ebbe39169bc2d65a2c809de8420e
ref_data/All_RBP_TargetGene/YWHAG.txt	data/reference_bundle.tar.gz::reference/All_RBP_TargetGene/YWHAG.txt	archived unchanged	d8530653e76e6063f9a70fd01e4c7170decb263b8b883b2bf81ed88b2c444ff2	d8530653e76e6063f9a70fd01e4c7170decb263b8b883b2bf81ed88b2c444ff2
ref_data/All_RBP_TargetGene/ZC3H7B.txt	data/reference_bundle.tar.gz::reference/All_RBP_TargetGene/ZC3H7B.txt	archived unchanged	4a80bb28d7424d9cd13ec6e9e1e7b562c156dbb13e4a73f7d71b6b3654b50227	4a80bb28d7424d9cd13ec6e9e1e7b562c156dbb13e4a73f7d71b6b3654b50227
ref_data/All_RBP_TargetGene/ZNF184.txt	data/reference_bundle.tar.gz::reference/All_RBP_TargetGene/ZNF184.txt	archived unchanged	84a64a00843dba01ff151331f30fe4bb1181c78f1d3fe0b145e5b2550c9fda71	84a64a00843dba01ff151331f30fe4bb1181c78f1d3fe0b145e5b2550c9fda71
ref_data/DRM9_drug_enrichment_metadata.csv	data/reference_bundle.tar.gz::reference/DRM9_drug_enrichment_metadata.csv	archived unchanged	9b2aca4a5e87846e94b0a7504200fdffe7156bcd3beffeb521aa101ca1670bce	9b2aca4a5e87846e94b0a7504200fdffe7156bcd3beffeb521aa101ca1670bce
ref_data/DRM_drug_enrichment_metadata_tbd.csv	data/reference_bundle.tar.gz::reference/DRM_drug_enrichment_metadata_tbd.csv	archived unchanged	297841df0137226b9a837b11bc1335d0c73b25712c257f077334968b3462a0e8	297841df0137226b9a837b11bc1335d0c73b25712c257f077334968b3462a0e8
ref_data/HALLMARK_EPITHELIAL_MESENCHYMAL_TRANSITION.v2024.1.Hs.gmt	data/reference_bundle.tar.gz::reference/HALLMARK_EPITHELIAL_MESENCHYMAL_TRANSITION.v2024.1.Hs.gmt	archived unchanged	a75826913c7c27cac738b97627fab0cd8e0518f3e2c38992bf4f6674872bf044	a75826913c7c27cac738b97627fab0cd8e0518f3e2c38992bf4f6674872bf044
ref_data/HALLMARK_EPITHELIAL_MESENCHYMAL_TRANSITION.v2024.1.Mm.gmt	data/reference_bundle.tar.gz::reference/HALLMARK_EPITHELIAL_MESENCHYMAL_TRANSITION.v2024.1.Mm.gmt	archived unchanged	33950433a29bad8981e46e32256661df28c78fdcb61b66d150da36d540e728e8	33950433a29bad8981e46e32256661df28c78fdcb61b66d150da36d540e728e8
ref_data/README.md	docs/references.md	relocated/updated	1176a4ed071a4c1ec61445f22ebb8cef886fae848d97ca87d2ee33af7e69f269	0027126c14480407d8e54e7f429d60a7da91ad1ebc24439df456e75f596672f2
ref_data/all_mappings_h.csv	data/reference_bundle.tar.gz::reference/all_mappings_h.csv	archived unchanged	4e4309041a73f225f69bae3a221d99034d9e764fae4aa8a979ed7ea07fad9d34	4e4309041a73f225f69bae3a221d99034d9e764fae4aa8a979ed7ea07fad9d34
ref_data/all_mappings_m.csv	data/reference_bundle.tar.gz::reference/all_mappings_m.csv	archived unchanged	479d87ca46948a75b184f3fee21d069b4e536f8cd78d44c6b210fb2379a447ad	479d87ca46948a75b184f3fee21d069b4e536f8cd78d44c6b210fb2379a447ad
ref_data/epi.marker.csv	data/reference_bundle.tar.gz::reference/epi.marker.csv	archived unchanged	484a7a2ddf0ad141f06db987213c066d4f7ca5242663cdb1502d49ece385873d	484a7a2ddf0ad141f06db987213c066d4f7ca5242663cdb1502d49ece385873d
ref_data/mart_h.rds	data/reference_bundle.tar.gz::reference/mart_h.rds	archived unchanged	0cedc488ff83834b3377b96e6e9691f699f0e4f4dde8380615af4f4e15755d0f	0cedc488ff83834b3377b96e6e9691f699f0e4f4dde8380615af4f4e15755d0f
ref_data/mart_m.rds	data/reference_bundle.tar.gz::reference/mart_m.rds	archived unchanged	fa91f936abb119104ac16519098fbac06d23db4009d18ce9dd2196600c6d5525	fa91f936abb119104ac16519098fbac06d23db4009d18ce9dd2196600c6d5525
ref_data/mouse_RBP_list.csv	data/reference_bundle.tar.gz::reference/mouse_RBP_list.csv	archived unchanged	22e330744af18568130da6820eff207cf2cb59755d34e4d43d170a1f8bde4b8c	22e330744af18568130da6820eff207cf2cb59755d34e4d43d170a1f8bde4b8c
results/.gitkeep		retired: runtime-only placeholder	e3b0c44298fc1c149afbf4c8996fb92427ae41e4649b934ca495991b7852b855	
workflows/README.md	docs/repository-guide.md	relocated/updated	c8651f99cd44ae16ff53c001ad3b62d05e52a59db014c5ef40c079b6dbb3b0a4	174e5726fd549c28e49b9758b48a6657c58448bcdc4960cf47458ffa315766ab
workflows/run_all.sh		retired: replaced by explicit A-D entry points	15538fe99bc05b03b4429783811b8fedf3bcffef7182c194b0b035904b9a0912	
workflows/run_module_a.sh	run_A.sh	relocated/updated	54d28fb9a69ff9a521768c7a213bd527254e95a0a586185c6ad2d8e54217bded	9d4991ba762f61539a89af3694f065ab42191a36d8ddc45c16702d0f7bd25a3c
workflows/run_module_b.sh	run_B.sh	relocated/updated	8adbfdba8f7a0d33bdd8dc99b0af5eeb6090b391d4c00e24646c4ca3d2e400c3	c03a1b60908e5c3390cb671421fc65dfd459d64daaab65c6e82dbd982a75b5e5
workflows/run_module_c.sh	run_C.sh	relocated/updated	d22a415093459f49f8908937be275d06085569e092f96bbc034b1cb1e01855b2	0795d4f10863b6809e4fba6f974f1b51a3c3f3b3f4b7b30d1ffc419299adfee8
workflows/run_module_d.sh	run_D.sh	relocated/updated	44e1510e297db027d976391ff855d2773a74a1cdddedf2d9c110c5dc7abced69	22f6575e6a1e54d105286a995fe23e3bf1c822395a493d9fa88c443a53184e39
workflows/slurm/submit_all.sbatch	config/slurm/submit_module.sbatch	relocated/updated	5c2e2793a9aab710b8bcac3c2d61c1d724a0d01a6f188a135feace25e9b0dbe7	dcc8342225da86ff3a58438eb0e3b93eae672cf1817d8648a492caffa2d4a1a2
workflows/utils/merge_cellranger_annotations.sh	scripts/utils/merge_cellranger_annotations.sh	relocated/updated	30cd843666d42f39dd82f4a359df3a20970c609e9761d4245bcd6bd2d1b97318	aea960cca2c4470a91f7bf3893539cc595771e1dde41d8d308f3de099032ed19
workflows/utils/rename_results.sh	scripts/utils/rename_results.sh	relocated/updated	d9a738fe364be9004ad5dc9512e067d564094ceff740ed28132611ac1e17717c	447436aefa59d5dc3ec8c10ab52e1471fe732af744c119cc1b732f9d8ad03b5d
